mu,n,e_tilda,w^2
0.3288888888888889,0.0,0.0,0.0
0.3288888888888889,2.0,-0.8000000000000007,1.0
