mu,n,e_tilda,w^2
0.31777777777777777,0.0,0.0,0.0
0.31777777777777777,2.0,0.2400000000000002,4.0
