mu,n,e_tilda,w^2
0.46111111111111114,0.0,0.0,0.0
0.46111111111111114,2.0,0.7200000000000006,16.0
