mu,n,e_tilda,w^2
0.044444444444444446,0.0,0.0,0.0
0.044444444444444446,1.0,-0.17999999999999972,16.0
