mu,n,e_tilda,w^2
0.1361111111111111,0.0,0.0,0.0
0.1361111111111111,1.0,-0.08000000000000007,81.0
