mu,n,e_tilda,w^2
0.13055555555555556,0.0,0.0,0.0
0.13055555555555556,1.0,-0.16000000000000014,9.0
