mu,n,e_tilda,w^2
0.33444444444444443,0.0,0.0,0.0
0.33444444444444443,1.0,0.17999999999999972,0.0
