mu,n,e_tilda,w^2
0.30666666666666664,0.0,0.0,0.0
0.30666666666666664,1.0,-0.5599999999999996,25.0
