mu,n,e_tilda,w^2
0.14722222222222223,0.0,0.0,0.0
0.14722222222222223,1.0,-0.6399999999999997,4.0
