mu,n,e_tilda,w^2
0.31222222222222223,0.0,0.0,0.0
0.31222222222222223,1.0,0.09999999999999964,16.0
