mu,n,e_tilda,w^2
0.4666666666666667,0.0,0.0,0.0
0.4666666666666667,2.0,-0.019999999999999574,36.0
