mu,n,e_tilda,w^2
0.48333333333333334,0.0,0.0,0.0
0.48333333333333334,3.0,0.5599999999999987,9.0
