mu,n,e_tilda,w^2
0.022222222222222223,0.0,0.0,0.0
0.022222222222222223,1.0,-0.28000000000000025,1.0
