mu,n,e_tilda,w^2
0.32333333333333336,0.0,0.0,0.0
0.32333333333333336,1.0,-0.16000000000000014,9.0
