mu,n,e_tilda,w^2
0.16944444444444443,0.0,0.0,0.0
0.16944444444444443,1.0,-0.17999999999999972,4.0
