mu,n,e_tilda,w^2
0.45555555555555555,0.0,0.0,0.0
0.45555555555555555,2.0,-0.0600000000000005,4.0
