mu,n,e_tilda,w^2
0.016666666666666666,0.0,0.0,0.0
0.016666666666666666,1.0,-0.2599999999999998,16.0
