mu,n,e_tilda,w^2
0.4777777777777778,0.0,0.0,0.0
0.4777777777777778,1.0,0.13999999999999968,0.0
