mu,n,e_tilda,w^2
0.15277777777777776,0.0,0.0,0.0
0.15277777777777776,1.0,-0.05999999999999961,4.0
