mu,n,e_tilda,w^2
0.49444444444444446,0.0,0.0,0.0
0.49444444444444446,3.0,0.6799999999999997,121.0
