mu,n,e_tilda,w^2
0.02777777777777778,0.0,0.0,0.0
0.02777777777777778,1.0,-0.13999999999999968,9.0
