mu,n,e_tilda,w^2
0.011111111111111112,0.0,0.0,0.0
0.011111111111111112,1.0,0.019999999999999574,1.0
