mu,n,e_tilda,w^2
0.4722222222222222,0.0,0.0,0.0
0.4722222222222222,1.0,0.21999999999999975,9.0
