mu,n,e_tilda,w^2
0.03888888888888889,0.0,0.0,0.0
0.03888888888888889,1.0,0.4400000000000004,1.0
