mu,n,e_tilda,w^2
0.15833333333333333,0.0,0.0,0.0
0.15833333333333333,1.0,0.2999999999999998,4.0
