mu,n,e_tilda,w^2
0.16388888888888886,0.0,0.0,0.0
0.16388888888888886,1.0,0.1200000000000001,9.0
