mu,n,e_tilda,w^2
0.4888888888888889,0.0,0.0,0.0
0.4888888888888889,1.0,0.3600000000000003,9.0
