mu,n,e_tilda,w^2
0.14166666666666666,0.0,0.0,0.0
0.14166666666666666,1.0,-0.05999999999999961,9.0
