mu,n,e_tilda,w^2
0.3011111111111111,0.0,0.0,0.0
0.3011111111111111,1.0,0.019999999999999574,25.0
