mu,n,e_tilda,w^2
0.03333333333333333,0.0,0.0,0.0
0.03333333333333333,1.0,-0.13999999999999968,1.0
