mu,n,e_tilda,w^2
0.2955555555555555,0.0,0.0,0.0
0.2955555555555555,2.0,0.27999999999999936,36.0
