mu,n,e_tilda,w^2
0.005555555555555556,0.0,0.0,0.0
0.005555555555555556,1.0,-0.09999999999999964,1.0
